0,犬1,Textures/Chara/犬1 2022-11-09 124817
1,犬2,Textures/Chara/犬2 2022-11-09 124917
2,犬3,Textures/Chara/犬3 2022-11-09 124952
3,犬4,Textures/Chara/犬4 2022-11-09 125030
4,小柳,Textures/Chara/Human_Female_04
5,貝原,Textures/Chara/Human_Female_05
6,北島,Textures/Chara/Human_Female_06
7,栗沢,Textures/Chara/Human_Female_07
8,湯島,Textures/Chara/Human_Female_08
9,古田島,Textures/Chara/Human_Female_09
10,斎川,Textures/Chara/Human_Female_10
11,志村,Textures/Chara/Human_Female_11
12,杉山,Textures/Chara/Human_Female_12
13,矢島,Textures/Chara/Human_Female_13
14,反町,Textures/Chara/Human_Female_14
15,谷内,Textures/Chara/Human_Female_15
16,地井,Textures/Chara/Human_Male_00
17,津川,Textures/Chara/Human_Male_01
18,手塚,Textures/Chara/Human_Male_02
19,戸畑,Textures/Chara/Human_Male_03
20,中原,Textures/Chara/Human_Male_04
21,新島,Textures/Chara/Human_Male_05
22,布川,Textures/Chara/Human_Male_06
23,根津,Textures/Chara/Human_Male_07
24,野村,Textures/Chara/Human_Male_08
25,灰谷,Textures/Chara/Human_Male_09
26,日村,Textures/Chara/Human_Male_10
27,布施,Textures/Chara/Human_Male_11
28,辺見,Textures/Chara/Human_Male_12
29,細川,Textures/Chara/Human_Male_13
30,松井,Textures/Chara/Human_Male_14
31,三浦,Textures/Chara/Human_Male_15
